courseId,courseTitle,day,postNumber,title,category,estimatedReadingTime,shortExplanation,q1_text,q1_optionA,q1_optionB,q1_optionC,q1_optionD,q1_correctAnswer,q1_explanation,q2_text,q2_optionA,q2_optionB,q2_optionC,q2_optionD,q2_correctAnswer,q2_explanation,q3_text,q3_optionA,q3_optionB,q3_optionC,q3_optionD,q3_correctAnswer,q3_explanation
sampling-course,Sampling Methods,1,1,What is Sampling?,Sampling,3 min,"Sampling is the process of selecting a subset of individuals from a population to estimate characteristics of the whole population. Instead of surveying everyone (which is costly and time-consuming), we study a representative sample and generalize the findings.

## Why Sample?
- **Cost-effective**: Studying a sample costs much less than a full census
- **Time-efficient**: Data can be collected and analyzed quickly
- **Accuracy**: A well-designed sample can be more accurate than a poorly executed census
- **Feasibility**: Some populations are impossible to count completely (e.g., all fish in the ocean)

## Key Term: Population vs Sample
The **population** is the entire group we want to draw conclusions about. The **sample** is the smaller group we actually collect data from. For example, if we want to know the average height of students at a university, the population is all students, and we might sample 200 of them.",What is the primary reason sampling is used instead of a full census?,It is more expensive,It takes longer to complete,It is cost-effective and time-efficient,It guarantees 100% accuracy,2,"A well-designed sample is cost-effective and time-efficient, making it practical for most research scenarios. A full census is often too expensive and time-consuming.",Which of the following is an example of a population?,A group of 200 surveyed students,All students at a university,A data set of test scores,A survey question,1,"The population is the entire group of interest — in this case, all students at the university. The 200 surveyed students are the sample.",Which is NOT a benefit of sampling?,Lower cost,Faster data collection,Gauranteed to eliminate all errors,Feasibility for large populations,2,"Sampling reduces cost, saves time, and makes large studies feasible, but it does not eliminate errors entirely. Some sampling error always remains."
sampling-course,Sampling Methods,2,1,Types of Sampling Methods,Sampling,4 min,"Sampling methods fall into two broad categories: **probability sampling** and **non-probability sampling**.

## Probability Sampling
Every member of the population has a known, non-zero chance of being selected.

1. **Simple Random Sampling (SRS)**: Every member has an equal chance. Like drawing names from a hat.
   - *Example*: Randomly selecting 100 students from a university roster

2. **Stratified Sampling**: Divide population into strata (groups) and sample each group proportionally.
   - *Example*: Splitting employees by department and sampling 10% from each

3. **Cluster Sampling**: Divide population into clusters, randomly select some clusters, then survey everyone in those clusters.
   - *Example*: Randomly selecting 5 schools from a district and surveying all students in those schools

4. **Systematic Sampling**: Select every kth member of the population.
   - *Example*: Surveying every 10th person entering a building

## Non-Probability Sampling
Selection is based on convenience or judgment, not random chance.

1. **Convenience Sampling**: Survey whoever is easiest to reach
2. **Purposive Sampling**: Select based on researcher's judgment
3. **Snowball Sampling**: Existing subjects recruit future subjects",In simple random sampling, every member of the population has:,A chance proportional to their importance,An equal chance of being selected,No chance of being selected,A chance determined by the researcher,1,"In simple random sampling (SRS), every member has an equal and independent chance of being selected, like drawing names from a hat.",Which method involves dividing the population into groups and sampling from each group proportionally?,Cluster sampling,Stratified sampling,Systematic sampling,Convenience sampling,1,"Stratified sampling divides the population into strata (groups) and samples from each stratum proportionally to maintain representation.",Snowball sampling is a type of:,Probability sampling,Non-probability sampling,Systematic sampling,Cluster sampling,1,"Snowball sampling is a non-probability method where existing subjects recruit future subjects — often used for hard-to-reach populations."
sampling-course,Sampling Methods,3,1,Sampling Bias and Errors,Sampling,3 min,"Even with careful design, sampling can introduce **bias** and **errors** that affect the reliability of results.

## Types of Bias

1. **Selection Bias**: Occurs when the sample is not representative of the population.
   - *Example*: Surveying only people who visit a shopping mall about spending habits

2. **Non-response Bias**: When selected individuals do not respond, and non-respondents differ from respondents.
   - *Example*: A mail survey about health where sick people are less likely to respond

3. **Voluntary Response Bias**: People who choose to participate have stronger opinions than the general population.
   - *Example*: Online polls where only motivated people vote

## Sampling Error vs Non-Sampling Error

- **Sampling Error**: The natural difference between a sample statistic and the population parameter. Larger samples reduce sampling error.
- **Non-Sampling Error**: Errors from data collection, recording, or processing — can happen even in a census.

## Key Principle
A larger sample size reduces sampling error but does NOT eliminate bias. A small unbiased sample is better than a large biased sample.",Selection bias occurs when:,The sample is too small,The sample is not representative of the population,The data is recorded incorrectly,Respondents are hard to reach,1,"Selection bias means the sample systematically excludes or over-represents certain groups, making it unrepresentative of the population.",Non-response bias happens when:,Selected individuals refuse or cannot respond and differ from respondents,The researcher selects the wrong population,The sample size is too large,Data entry has errors,0,"Non-response bias occurs when non-respondents differ systematically from respondents, skewing the results.",Why is a small unbiased sample better than a large biased sample?,It costs less,It takes less time,The results are more accurate reflections of the population,Large samples always have errors,2,"A small unbiased sample provides a reliable estimate of population parameters, while a large biased sample gives precise but wrong answers. Accuracy matters more than size."
